userName,score,at,content
Yogatama Dwi Prasetya,3,2024-05-11 14:11:51,"Aplikasi bagus dan user friendly, cuma ada bug yang mengganggu ketika saya ingin melihat grafik saham, awal - awal lancar tapi langsung freeze itu aplikasi gak bisa back ataupun scroll. Semoga segera di fixing ini bug, karena mengganggu banget dan menurunkan experience user dalam menggunakan aplikasi"
Imam Hanafi,5,2024-05-13 13:53:55,"Menurut pendapatku mengenai aplikasi bibit bagus untuk invesment pemula krna fitur nya mudah & sangat mudah di pahami, setelah saya memakai bibit alhamdulillah bisa mendapatkan keuntungan walaupun tdak terlalu besar, sangat bagus banget untuk pemula"
Kyousuke Hasegawa,1,2024-03-14 07:11:17,"Sekarang aplikasinya lag banget. Verifikasi biometrik & pin butuh waktu. Gak kaya dulu yg sat set sat set. Ditambah sekarang gak ada setting push notifikasi, sehari bisa 3-5 kali muncul dan sangat mengganggu ketika sedang fokus. Saat sedang update data diri, tombol submit gak berfungsi. -_- . Semoga keadaanmu bisa membaik aplikasi bibit."
Icabella SuanTak,4,2024-04-02 03:34:37,"Sebenarnya bibit sangat membantu dan menolong saya investasi utk hari tua, tapi plis tingkatin lagi dalam bagian pencairan, jangan terlalu lama(kejadian disaya 1 minggu), dan juga biaya transaksi, jujur dlu saya suka nabung sebulan bisa lebih 2-3x, tapi semenjak ada biaya tambahan mau ga mau cmn 1x sekarang ğŸ™ğŸ»"
Ghost Rider 19,1,2024-04-06 01:37:36,sya coba nabung rutin 3 bulan yang pas bulan ke tiga kok penipuan? awalnya telat gak sesuai jadwal karena kehabisan saldo. tetapi besoknta sudah saya isi dan masukan ke nabung rutin. tapi misi belum kelar. aku cuman nabung ditanggal yang berbeda aja loh. dipersulit banget sistemnya
Ardhi Mudzakir,1,2024-03-27 07:18:53,"jelek banget aplikasinya, sering gangguan.. kita pantengin fluktuasi saham kalo waktu ideal beli baru kita top up saldo rdn, eh malah gangguan dan harus nunggu satu hari.. keburu fluktuasi nya ga sesuai yang kita mau.. not recommend, saya mau pindah aplikasi lain aja setelah masalah ini selesai"
Apa Kabar,1,2024-05-13 17:23:10,Bibit ada bug saat geser grafik aplikasi ngeleg dan tidak bisa lihat detail dari grafik saat geser Border kemarin bisa dalam seminggu terakhir tetap lemot saat di sentuh grafik karena penasaran saya pake perangkat lain tetap sama ngeleg
Rini Dewi,2,2024-05-06 05:05:19,"Sumpah lama banget, dari tgl 2 verifikasi bibit sampe tgl 6 sekarang, ga kelar-kelar. Kemaren gagal krn data ga terbaca, giliran udah diperbaiki lama bnget verifikasinya. Capek nunggunya, niat mau investasi secepatnya malah dibuat nunggu mulu. Tolong dong diatasi secepatnya."
Muhammad Fahrul ROZI,4,2024-05-12 22:32:22,"Bismillah, awal"" saya merasa nyaman menggunakan bibit tapi kenapa lama kelamaan saat membeli waktu nya sangat lama di proses, Maksimal 3 hari setelah pembelian produk kita akan di tambahkan ke portofolio dan siap.mendapatkan keuntungan tapi saya sudah menunggu hampir 5 harian saya blm produk dan blm juga produk baru saya mendapat kan keuntungan"
Yusuf Matra,2,2024-05-05 23:39:49,"Makin lemot euy, kasusnya udah 1 tahun lebih gak buka aplikasi bibit tapi rajin diupdate aplikasinya. Hari ini waktu buka bibit stuck di splash screen ğŸ˜‚"
Ridwan HM.,3,2024-03-14 23:22:38,"sebenarnya cukup nyaman pakai bibit, nilai plus buat fitur, kemudahan pemula, biaya transaksi kecil, tapi kalau penarikan aduh bikin pusing, bisa lebih dari satu Minggu"
Sanss,3,2024-04-10 07:54:54,"Kekurangannya BIBIT itu saat lebaran tidak ada pemrosesan penarikan atau pemasukan.. Ya saya ngerti karna lebaran.. Cuma seharusnya, aplikasi atau situs penyedia jasa keuangan seperti ini.. seharusnya bisa transaksi di hari"" seperti lebaran.. Karena kita tidak tau kapan uang kita di butuhkan.. Sekelas nyimpen di dana darurat aja yg bisa instan narik masih terbatas dan tetap kena pending... Seharusnya bisa seperti penyedia keuangan atau invest macam jago atau reksadana tokped yg benar instan.."
Agus Roris,1,2024-03-10 11:10:04,"Proses kyc terlalu lama udh 2 Minggu kyc belum aj di proses, bilang nya 2 hari lagi ini malah udh hampir 3 Minggu belum aj di proses. Udah chat cs gituÂ² aj gak ada perubahan. Tolong data saya jangan disalah gunakan buat hal yang aneh aneh."
Abdul Azis,3,2024-04-05 14:02:12,Terima kasih Mas Bibit. Tapi sayang : Topup via e-wallet = bayar Topup via bank = bayar Topup via jago/RDN = free tapi saldo jago/RDN 0 jadi mesti transfer dulu dr rekening utama dan tentu kena biaya jd free itu cuma semu saja. Di tokopedia reksadana serba free jual/belinya.
Surya Putra,1,2024-04-25 13:07:16,"Kenapa tiba tiba aplikasinya terkeluar sendiri????? Terus muncul tulisan rubah pin??? Kemudian kenapa email yang saya daftarkan tidak masuk ke aplikasinya?????? Gak jelas aplikasinya tiba tiba keluar sendiri, begitu merubah pin gak bisa, terlalu ribet Padahal cukup kirim kode otp ke nomor hp selesai Sudah melakukan investasi tapi malah berulah?????"
Sutarjo,1,2024-04-19 19:40:25,Ubah ke rekening bank pencairan harus verifikasi dulu seperti bikin akun bank. Ktp digital otomatis tidak bisa buat selfi foto. Bank pencairan yang lama sudah dorman. Ini artinya investasi di bibit tidak bisa di jual/ambil.
Reza Muhammed,4,2024-04-22 12:18:35,Aplikasinya terlalu banyak kendala yang pertama dalam proses pembeliannya sudah berhasil dan yang kedua kendalanya ada di pendaftaran akun dan kendalanya ada di pemasarannya jadi nggak tahu apakah pemasarannya itu berjalan apa tidaknya
Rihul Miski,3,2024-04-16 13:00:30,Kenapa pas verifikasi dialihkan ke WA business. Sedangkan di awal saya masukkan no WA biasa... Apakah ga jdi masalah ini.. Jdinya sampek sekrg belum daftar akun
Mohammad Hatta,1,2024-04-30 04:16:44,"Apk ini ga bagus, karena gada catatan riwayat hasil penjualan. Jadi kita tidak tau kapan aset yg kita jual laku dan dana nya kapan baru bisa mutasi ke rekening"
à¼ºSÏƒuL DirtyÌ¶ãƒ„à¼»,3,2024-01-29 10:47:07,"Aplikasinya nyaman untuk digunakan + sering diadakan seminar free di YouTube Bibit untuk menambah Ilmu Finansial. Namun sekarang agak kecewa karena ada pembayaran tiap melakukan top upğŸ˜®â€ğŸ’¨, meskipun sedikit namun sangat terasa bila top up tersebut sudah dilakukan sebanyak 4x atau lebih dalam sebulan! Sebelumnya tidak ada biaya tersebut, Jadinya harus upgrade Bibit PlusğŸ˜‘! Penilaian akan diperbaiki bila Pembayaran saat Top Up tersebut sudah dihilangkanğŸ˜”"
Ars27,1,2024-03-29 15:25:06,"Tidak bisa login akun Bibit dengan alasan Hp dalam kondisi Root. Padahal sebelumnya bisa dan sampe sekarang tidak pernah melakukan root. Tolong bantuannya, jangan sampe duitku ilang!!"
William Fernando,5,2024-04-06 06:31:10,"Selama ini sekitar 1 bulan pengalaman di bibit sangat luar biasa hahaha, mau nabung dan sekalian belajar investasi juga bisa belajar dari bibit pasar uang.. Terima kasih bibit kamu luar biasa ğŸ˜„"
Gista Maryana,1,2024-04-17 04:58:37,Aplikasi sangat buruk. Porsesnya sangat lama dan saat pencairan uang tidak masuk rekening padahal status sudah berhasil di verifikasi. Kapok pakai aplikasi ini
noval jeferzon,1,2024-03-28 04:22:05,"Withdraw tdk 100% di cairkan masih ada tinggal beberapa puluh ribu, belum lagi pencairan harus kena pajak bank di tiap tempat yg di cairkan, padahal cuma 1 portofolio. Sekarang nambah parah transaksi jual n beli harus bayar bea materai 10.000."
nashara cahaya,1,2024-03-09 10:04:53,maaf ya aku make aja susah banget buat daftar asli udh ganti akun nomor dll ga bisa masuk terus menerus udah oenah nyoba juga di tahun lalu kirain tahun ini bisa ternyata sama aja
obet grinder,3,2024-05-05 23:44:53,"Aplikasi tambah berat,masa internet sudah kencang,ngebut bisa download file ukuran 930 mb dalam waktu 9 menit tapi begitu buka Bibit malah ada pemberitahuan Internet tidak stabil.."
Rutsasongko Juniar Manuhana,2,2024-05-18 12:54:20,"Kalo ada link berita atau artikel di dalam aplikasi, selesai baca langsung keluar. Ga balik ke halaman sebelumnya secara otomatis"
edwin lorenda,2,2024-03-20 01:13:13,"Bintang 2 dulu deh. Upgrade ke bibit plus tulisannya selesai tgl 19, eh tgl 20 belom selesaiÂ². Investasiku belum juga di proses. Mohon dari pihak developer untuk ditindaklanjuti walau tidak seberapa"
Hotman Music Creation,4,2024-04-19 17:21:14,"Sejauh ini dan semoga jauh ke depan nya gak ada masalah. Bintang 5 buat chat support nya. Dan klw saya ada rezeki bisa mencapai target 100 juta di bibit, saya akan kembali dan kasih bintang 5 buat aplikasi bibit"
Kzman58,3,2024-04-16 16:14:35,"sepertinya oprasi apk bibit ini tidak optimal, masi butuh beberapa detik berselancar."
KangHeru,4,2024-04-23 13:24:54,Bibit sudah bagus buat mulai investasi. Semoga kedeban juga ada buat invest ke emas dan crypto. Biar cukup dg 1 aplikasi buat invest. Agak kerepotan kalo pake beberapa aplikasi.
Avanzato Js,3,2024-04-12 22:25:43,Saya barusan coba daftar..waktu verify itu saya pakai nonor whatsapp tapi kenapa aplikasi bibit mlahan verify ke whatsapp bussines..jadinya gagal verify..karena nomor WA dan WA bussines saya beda
Lajang Cuaks,2,2024-04-29 00:14:50,"Saya daftar tanggal 26 april lalu dan tanggal 27 nya sudah bisa di pakai akun nya, tapi kenapa sampai sekarang belum terverifikasi oleh bibit ya, kenapa dengan akun saya kok lama bngt verivikasi nya"
Bayu Aditya H,1,2024-03-26 03:48:22,"Beberapa hari ini (26 Maret 2024) hanya bisa lihat loading-page doang. Buka aplikasi ditunggu sampai ketiduran enggak kelar-kelar. Buka YouTube lancar, ini kok enggak? App 3.77.1, Android 11, Nokia 5.3."
laka laka,5,2024-03-08 04:17:12,"Untung ada layanan syariah jdi lebih suka, Selama ini sya tidak mengalami kendala apapun semua berjalan aman dan baik, thanks bibit semoga ke depannya lebih baik lagi tidak ada masalah, dan semoga lebih bagus lagi tidak sering turun lagi !!!"
Andy Paemudjieh,4,2024-04-17 02:36:34,"top up memakai fitur bank lain yg di sediain aplikasi ga masuk, udh sesuai kode yg di kasih sesuai petunjuk di dalam aplikasi padahal."
Rizky Setyawan,4,2024-04-06 02:20:05,"Apk sudah bagus,bisa untuk beli reksadana,obligasi dan saham... bibit udah nyambung sama stocbit juga bagus..,Untuk tambahan mungkin di update selanjutnya ada invest kripto untuk invest btc,...buat diversifikasi, saya yakin akan lebih banyak pengguna baru jika ada fitur invest kripto....."
krisnanti angela,4,2023-12-13 15:09:17,Sudah pakai bibit 2 tahunan dulu takut takut mau coba tapi sekarang udah mulai nyaman eh taunya bulan ini ada biaya untuk bayar banknya padahal aku sebulan bisa 2 sampai 3 kali transaksi masukin uang. Akhirnya mau ga mau jadi nyoba upgrade bibit plus. Semoga kedepannya tetap dan lebih aman serta memudahkan pengguna ya. Masih agak agak takut pakai bank digital soalnya
Dika Dika,3,2024-05-17 04:27:14,"Udah hampir seminggu stuck ditampilan awal gabisa kebuka sama sekali padahal lagi butuh untuk pencairan dana udah install ulang beberapa kali tetep gabisa, agak kecewa sih"
Ahmad Ismail Susanto,5,2024-05-03 12:04:59,Aplikasi Reksadana yang sangat bagus untuk pemula dan bila ada kendala tim support nya siap membantu dengan baik sampai kendalanya selesai....
Josaphat Tri Utomo,2,2024-01-20 04:36:59,"Kecewa banget skrng mau top up aja ada biaya pembayarannya... Kalau diitung itung rugi banget kalau nabung dengan pola yang sering sebulan sampai 5x keatas terlebih saya konsennya di RDPU yg keuntungannya kecil, malah biaya pembayarannya lebih besar ketimbang keuntungannya"
Leylita Hardjiyantie,1,2023-12-07 14:04:33,"Saya edit jadi bintang 1 ya. Dikarenakan skr ada biaya transfer utk bank. Padahal kalo mencairkan juga sudah kena biaya bank. Saya rutin nabung dan sukanya random insidentil, ketika ada uang masuk saat itu juga saya top up ke bibit. Dlm 1 bulan bisa 6x an nabung sesuai jadwal turun gaji & tunjangan lainnya yg tanggalnya beda2. Kalo setiap nabung kena biaya..jadi pikir2. Apalagi nabungnya juga mostly di pasar uang yg return nya tipis."
Ruth Patrisia Yolanda,4,2024-01-12 15:17:08,Begini saya senang top up reksadana walaupun tidak banyak. Cuman kok sekarang bayar ya kalau mau top upnya. Padahal uang yg di top up gak banyak. Pen nabung pelan2. Tapi malah gini. Dan lagi ketika kita sudah jual reksadananya kok malah tidak sama seperti sebelum jual.. Walaupun setelah potong biaya? Mohon diperbaiki apalagi setelah di upgrade makin gak2 aja.
Deka Martana,3,2023-12-29 18:26:53,"Saya turunin bintangnya dulu, saya mau upgrade ke bibit plus tapi di tolak infonya harus masukan data no hp sesuai dengan yang terdaftar di app, padahal sudah saya masukan sesuai dan tidak ada no lain lagi. Mohon segera penjelasanya"
Ryan H12 official,2,2024-03-11 19:23:38,Saya beli RDPU belum masuk* di email udah berhasil di bayar tapi di apk nya nunggu lagi 2-3 hari padahal saya beli tanggal 07 skrg dh tnggl 12 ini gimna!!! Jdi ragu invest di sini
Siswanto,5,2024-05-10 23:44:25,menurut pendapat saya menabung di bibit lumayan ada profitnya walaupun tidak terlalu besar tapi saya berharap jangan jadi bibit terus tapi jadilah bertubuh jadi pohon yang besar dan berbuah lebat sehingga memberi manfaat bagi banyak orang.
Rudy Lim,4,2024-04-25 08:00:34,"Sekarang verifikasi biometrik koq gagal terus ya? Apa kah ada bug nya? Di App lain spt stockbit, verifikasi bio nya tidak ada gangguan. Mohon segera di perbaiki. Terima kasih"
Mochamad Fachrurozi,5,2024-03-10 06:37:09,"selama masih ada opsi pembayaran gratis, tidak masalah buat saya. tapi kalo sudah semua pembayaran berbayar seperti si B itu, auto uninstal"
Adi Suryawan,5,2024-05-24 00:34:24,Sangat terbantu untuk pemula yg mulai belajar investasi. Chat support yg selalu ready 24 jam ngebantu. Terima kasih bibit.
Lubabul Afham,2,2023-12-15 03:08:18,"Mau pencarian lama, terus setelah berhasil, kok gak langsung masuk ke rekening, gimana nih, dicek di bibit order jual sudah berhasil tapi masuk ke rekeningnya lama, sekitar 4 harian kalau gak salah. Kalau sedang butuh dana jadi gak efektif nih pakai bibit. Kecuali kalau yg hanya mau investasi saja ya no problem."
Citra Dewi manik,1,2024-03-26 11:45:06,"Tolong dong di permudah lagi, iya bikin mudah top up di alfamart dan indomaret! Kalo udah bisa gua naikin lagi bintang nya ya!"
arum akwan,5,2024-03-22 14:55:05,"mantep banget aplikasi nya, investasi tanpa ribet tinggal tap tap tap langsung jadi.. buat yg mau dapet cashback 50rb bisa pakai kode refferal investbarengyukpeeps yaa.. selamat berinvestasi sobat"
Yanuar Kurnianto,2,2024-05-11 06:06:08,"Aplikasi bibit sekarang susah banget dibukanya, sering stuck di logo. Tolong diperbaiki"
Ahmad Soib,1,2024-03-11 04:46:28,lama sekali proses wdnya...tolong dipercepat seperti aplikasi sebelah...cuma hitungan detik aja landing...lah ini depo aja cepet prosesnya giliran WD kek keong...nyesel bgt pake bibit
Mohamad bagus Irawan,5,2024-05-03 14:21:58,"Kenapa aplikasi ngeleg parah. Saya buka aplikasi 30menit gak muncul"" tolong di buat yang lebih semoot aplikasi nya"
Mala Putri,2,2023-12-10 08:43:20,"Kecewa banget sekarang tiap mau nabung ada biaya pembayaran nya, padahal udah mau 2 tahun pake bibit. Auto uninstall sih soal nya rugi kalo tiap nabung ada biaya nya sedangkan dalam sebulan saya bisa sampe 4x nabung."
Akbar Riza Ananda,1,2024-04-29 03:10:04,"ini gimana sih, biometrik gabisa, mau login udah masukin pin/fingerprint malah balik lagi buat suruh login"
Yumn (Yumi),4,2024-03-01 05:14:52,"Sbnrnya sya suka dngan konsep nabung saham & obligasi 10 rb-nya. Membantu bnget untuk yg pnya bnyak kbtuhan tpi pengen bisa nabung. Tpi agak sulit menjelaskan kekecewaan saat akhirnya kena biaya pmbyaran. Untk buka akun bank jago/RDN Wallet, maaf. Sya agak skeptis tntng keamanan data pribadi & kebijakannya. Kalau bisa, saya usul. Gunakan metode limit sperti aplikasi keuangan Flip. Misal dlam sebulan bebas biaya transfer sbnyak 1-2 kali atau limit berdasar besaran akumulasi 1 bulan."
Harry Christianto,1,2024-04-29 02:54:28,mau invest malah dibuat susah. loading masuk aplikasi lama banget. nggk kayak kemarin kemarin. mending pake reksadana yg lain atau ditabung ke yg lain.
Aufan Gyan,5,2024-05-17 17:20:38,Apk sudah pakai 5 bulan sangat membantu untuk para pemula dan chat suport responsif dan membantu
Rahmat Hidayat,1,2024-04-17 09:17:47,"Ada ketidaksamaan data,saat depo lancar selalu masuk,giliran mau ditarik gak bisa sama sekali.deposit bisa penarikan gak bisa,untung depo gak berjuta juta.udah setahunan sekarang coba lihat saldo sudah gak ada 0 rupiah.payah"
Ghoy Muhammad,5,2024-03-01 07:37:07,"Bibit aplikasi ringan,simpel .udah hampir 1/2 tahun pakai bibit nyaman juga belum ada kendala ..!! Yang pasti ada mode syariah nya,itu yang buat nyaman, setidak nya yaa kan..??!!!"
deden desman nurmansyah,1,2024-04-03 08:37:53,"Jelek aplikasi , registrasi susah , sudah muncul otp tp ga konek.. cari aplikasi yg mudah"
Muhammad Fajar,5,2024-04-02 01:22:36,"Sejauh ini sudah bagus banget apalagi ada sistem pencairan Instan, Good. Tolong dong min Investasi Emas juga di munculkan biar makin jos"
Setiyawan Yogi,1,2024-04-29 03:38:52,"Setelah pembaharuan, suka keluar sendiri (waktu login sudah habis) selalu seperti itu terus."
D.Y Universe,3,2024-05-21 03:53:27,Menurut saya aplikasi sangat bagus hanya saja untuk penjualan aset dan pencarian dana sangat lama
Advianto,2,2024-05-21 00:45:06,"Penjualan Reksadana Lama banget,blm lg untuk masuk ke rekening pribadi memakan waktu lagi."
MUALIFIN JAYA,5,2024-03-29 20:48:45,Sebenarnya aplikasi ini untuk jangka panjang dan itu pasti ada hasilmya tapi kusus di pasar uang dan deposito hanya yg saya amati dan klo ada yg mau masukin kode reveral ya sama2 untung itu bagi yg mau untung klo ga ya terserah ini kode saya klo mau masukin reveralnya ya mualifin1 biar sama2 untung dan kita bisa jadi sahabat
Rend Di,3,2024-02-12 17:21:39,"Semenjak di kenakan biaya TF antar bank sampai detik ini blm pernah lagi melakukan pembelian ğŸ˜…,saya paling kalo melakukan pembelian 100rb kadang 200rb per Minggu nya (nyicil dikit2 jadi bukit) jadi klo di kenakan biaya TF ketemu nya rugi ğŸ˜…, Mungkin buat yg sekali beli di atas 500rb di kenakan biaya TF enggak berasa. Semoga besok saya di beri rejeki yg melimpah biar bisa melakukan pembelian dengan jumlah yg besar ğŸ¤²,"
Wawan Setiawan,2,2024-04-30 14:25:42,awalnya excited bgt pengen nyoba investasi..tp baru nyoba buat daftar aja verifikasi dari bibitnya lama bgt..jd males
Muchammad Nurmansyah,4,2024-05-03 21:40:22,Sudah bisa digunakan dengan lancar kembali. Smg tidak ngelag seperti sebelumnya.
Nug Nug,5,2024-04-30 01:28:54,"aplikasinya bagus, bisa membantu mendisiplinkan untuk menabung ğŸ‘"
Karim,3,2024-05-02 10:40:47,"Semoga bisa di perbaiki Teruma di bagian saham, Saya Harap bisa di kategorikan dan di urutan dalam portofolio sehingga bisa di lihat mana sedang mengalami kenaikan dan penurunan jadi lebih efektif semoga developer dapat memahami ini ğŸ™"
Hani Yuniarti,1,2024-05-09 13:52:12,tolong dong bibit jangan keseringan update.capek tau perasaan setiap bulan ada kali 2-3x update.
Ridho kurniawan,2,2024-05-02 04:18:26,"verifikasi dari bibitnya lama banget, diluar jadwal estimasi, sampe sekarang pun belum selesai"
Arfa Riziq,3,2024-04-29 07:33:09,Registrasi nya lama banget udah 3 hari di aplikasinya tggl 28 sampe sekarang belum bisa
Candra Eka Permana,1,2024-04-28 11:12:46,proses registrasi rumit tapi proses verifikasi sampai berhari2!! nggak bangetlah aplikasi ini gak guna!!
Ereh Iyegah,1,2024-04-12 05:04:34,"Apalah katanya maks 3 hari kerja, ini udh seminggu lebih ga dateng2 padahal butuh dana darurat, ga rekomen bgt yg nabung buat dana darurat"
å‚…ä»°å¿—,1,2024-02-28 07:10:58,"Saya daftar saja tidak bisa. Saya input nomer telp, lalu verifikasi nomer telp via sms tapi tidak bisa. Bagaimana mungkin saya menggunakan aplikasi ini kalo daftar saja sulit."
ine rahma,5,2024-02-01 15:00:19,"Bibit bagi sy adalah simpanan penyelamat, sy beli bibit hanya dalam jumlah kecil dan jarang tetapi yang nilainya sedikit itu ternyata menjadi sangat besar dan berharga di saat sy terjepit, bibit jadi solusi yang bisa diandalkanğŸ‘"
Muhammad Arif Zikir Risky,2,2024-03-07 01:09:49,"ini saya login gak bisa terus, udh dimasukin kode dr sms tetap gk bisa login dan muter2 trs loadingnya"
Lukman Nul Khakim,1,2024-03-14 13:09:44,"Ribet bgt daftar nya banyak bgt aturan banyak banget form yg di ceklist banyak aturan , jadi takut mau lanjut segala data pribadi semua di isi"
Dyah Wulan,1,2024-03-17 10:00:53,Apk gk bisa dibuka..ğŸ˜‚ lewat apk jago juga sama bibit.ny gk bisa dbuka.. baru juga download..
Rahmat Hidayat,1,2024-03-06 12:45:10,"Baru instal lansung daftar, kelar daftar malah maintenance ğŸ˜®â€ğŸ’¨ğŸ˜®â€ğŸ’¨ Kestabilan aplikasi itu perlu bgt. Klo ada update ya di jam off lah"
marvellino Octora,1,2024-04-02 15:19:23,Pendaftaran memakan waktu lama.verifikasinya bermasalah terus.akhirnya saya uninstal.ga jadi pakai bibit.
Setiawan,5,2024-03-09 02:07:53,"Nyaman banget, saya udah 2 tahun pakai bibit alhamdulillah terpercaya. Untuk deposit dan withdraw juga tidak lama."
Putra Arsya Ramadhana,2,2024-03-13 05:17:18,"tolong untuk bibit saya sudah melakukan transaksi penjualan, namun hasil penjualan saya belum masuk ke rekening mbanking saya padahal sudah hampir seminggu.... bagaimana ini bibit?!"
Nub lov,5,2024-03-08 11:46:16,"Bagi saya aplikasinya sudah bagus, cuma dalam Pencairan sama pembeliannya itu lama. itu aja"
Vj Putra Channel,1,2024-04-26 03:18:40,"Dana darurat itu harusnya bisa di ambil max 1x 12 jam kalau sampai 2/7 hari itu bukan dana darurat, kalau orang sakit harus nnunggu sampai 7 hari baru berobat gitu. Pencairan dana apapun sangat lama, mending uninstal aja cari apk yg lebih baik masih banyak"
ravi chandra,1,2024-04-23 13:27:54,Kalo mau masuk apk bibit loading nyaa lama sekali tolong diperbaiki!!!
Bagas Restu,5,2024-04-04 13:41:23,"mantul bgt salah satu aplikasi investasi buat jangka panjang, nominal dri 10rbu udh bisa berinvestasi. mudahÂ²an bibit bisa amanah.."
Junaedi,5,2024-04-18 11:19:24,"tampilan simple sehingga mudah di gunakan, ada yg versi syariahnya, mantap"
Bayu Malik Fajar,1,2024-03-06 08:52:14,Pencairan dana nya sangat lama. Padahal yg lain bisa cepat. Kenapa bibit harus lama. Lu niat apa enggak
grace sitompul,5,2024-04-10 02:42:31,"sudah hampir 2tahun pakai bibit, mengajarkanku utk konsisten. thx"
Y O G A,1,2024-04-20 11:40:50,Tolong kembalikan free biaya top up dan penarikan seperti dulu lagi
Riston Eirene Sihotang,5,2024-04-01 02:48:37,sejauh ini aplikasi berjalan baik dan keamanannya sangat baik. semoga bertahan bahkan berkembang pesat
Gaming Mode,1,2024-03-13 07:26:23,Gak bisa dibuka. Perangkat dikirain jailbreak. Padahal gak pernah bongkar2 perangkat.
Muhammmad Daffa Al - fatih,1,2024-04-17 13:39:49,"Tolong dong di permudah untuk registrasi, padahal udah di ikutin semua SOP nya malah di persulit.. saya niat hati mau beljar di usia yang Masi muda..hadeuh padahal udah punya KTP pulak loh"
Mirza Lugoz,5,2024-03-13 15:05:55,"keren applikasi nya mudah di pahami,investasi bisa dari modal 10ribuan"
Wahyu Setiawan,1,2024-04-25 01:18:10,Proses verifikasi akun bibit lama. Sudah lewat dari tanggal lewat dari tanggal estimasinya masih belum terverifikasi juga
abdul hakim,1,2024-04-23 05:13:36,"Saya mau investasi tp registrasi gak kelar2, registrasi aja lama bngt udah selesai pake gagal nunggu lama lagi. Parah menunggu verifikasi aja sampe 4 hari"
Ivanada Channel,5,2024-04-02 03:17:37,"baru mulai berinvestasi, semoga bisa konsisten. dan utk bibit terima kasih atas aplikasi terbaik ini"
DF UniqueHD,1,2024-04-01 11:03:06,Gajelas kalau nabung seminggu atau perbulan habis cuma PPN aja apa lagi pas narik hasil tabungan reksa dana beuh lama banget
akbar prayoga,3,2024-04-24 04:44:54,"Tolong dong, mau daftar harus nunggu 3 hari dan gagal mulu garaÂ² selfi dengan ktp kadang terang/gelap jafi gagal mulu sampe 4 kali."
Lulu Maulida,5,2024-04-06 21:05:09,"Suka banget nabung di bibit, cocok buat pemula yang baru mau belajar investasi! Buat yang baru mau pake bibit, pake kode refferal: bungaflower buat dapetin cashback 25rb"
Naila Alif,5,2024-03-12 11:43:05,tampilan yang mudah di pahami baik untuk pemula
Tomi,4,2024-05-14 01:57:20,"mau upgrade bibit plus susah bner, akun bank jago nya susah masuknya, ribet banget"
Mifta Abdi,5,2024-03-13 00:05:28,Min. Untuk penarikan kok lama ya. Sudah 5 hari ini. Semoga proses penarikan bisa lebih cepat lagi. Agar bisa d gunakan sebagai tabungan darurat
Nia Asikin,2,2023-12-19 05:51:08,"Aduh.. lama banget pencairan nya pdhl lagi butuh bgt, maksimum nya 3 hari tapi ini udah 5 hari ga ada perubahan. Kalo maksimal nya smpe 7 hari sih, terlalu lama. Jadi buat apa ada pilihan ""Uang darurat"" saat ingin pengambilan dana, jika proses nya aja disamakan dengan pilihan yang lain? lelet. Ngerti ga sih arti darurat? Maksimal 3 hari aja. Udahlah lama, biaya admin nya gede pula! Kalo dipotong gede maksimal cepet lah cair nya."
Yuwono Eko Putro,1,2024-01-22 14:58:21,"Simulasi investasi di stable earnnya ngaco saya masukan angka 1.500.000 malah hasilnya 10.000.000 lebih, saat saya masukan angka yang sama dengan hasil itu, hasilnya tidak ada perubahan sama sekali, saya ganti jadi 9.500.000 juga gk beruabah."
Daemon Arc,1,2023-12-11 08:56:40,"Setelah 2 kali update makin lama performa makin menurun. 1) Top up RDN wallet pada m-banking sudah berhasil, tetapi pada aplikasi Bibit belum, sampai berjam-jam. 2) Portofolio tidak terbaca karena maintenance. 3) Berjam-jam top-up reksadana tetapi selalu gagal"
Mirza Mimomi,4,2024-01-30 12:17:54,Saya penguna Baru aplikasi bibit ini udh bagus tapi kalau bisa untuk topup mengunakan e wallet dikurangi biaya topupnya soalnya kami yg nabung sebulan 500rb cukup kerasa banyak kurangnya semoga bisa dimurahkan lagi mungkin dari 2.500 ke 1.000 atau bisa lebih murah Atau gratis. maaf jika pendapat ini kurang berguna tapi mohon diterima masukannya
Muhammad Fatthul Rahman,1,2024-01-07 21:46:58,"Sekarang dikenakan biaya tambahan jika ingin menabung. Update malah bikin kecewa, dulu-dulu ngga begini bibit tolong di perbaiki lg. Nabung dj pasar uang dikenakan biayanya lemayan retrun sama biaya tambahan gedean biaya tambahan :( min tolong lah ya dj perbaiki"
Mochammad Dipo Priambodo,5,2023-12-26 09:30:55,"untuk belajar investasi sangat bagus, banyak pilihan produknya, saham, reksadana, obligasi dll, UI dan UX nya juga bagus dan mudah dipahami, semoga bibit bisa terus di tingkatkan, aman tetap terpercaya, dan bisa terus menjadi sarana investasi untuk semua orang"
Albaihaqi Albwh,1,2024-01-02 01:48:02,"mau upgrade ke bibit plus kok susah banget ya, gw pekerja part time yg gaada nomor instuisinya malah disuruh isi. Bagi yg belum nyoba mending jangan deh!!! masukin uang ke reksadana gampang, tapi penarikannya ribet katanya maximal 3 hari lah ini udah 5 hari gaada masuk. Terpaksa pake bibit plus. Mending kalo mau invest di apk lain aja"
Andrean Ramadhan,1,2024-02-12 04:34:59,"Pencairan lama di history sudah ceklis semua. Gw jual dari tanggal 5 , sampai sekarang belum masuk-masuk , parah kali nih sekarang aplikasi lamaaa!. Nggak rekomended untuk yang dananya butuh cepat."
Risuka Haq,2,2023-12-01 14:28:13,"Skrang bibit dikenakan biaya stiap pembelian, mana setiap awal bulan tabungan sya disini macam2 goal.. jd nabung skitarnya 5 tabungan berbeda.. mau upgrade k plus juga ragu.. jd pgen berhenti pkai bibit jika slalu dikenai biaya tmbahan mana cairnya juga lama"
Dawam Adhiguna,5,2024-01-18 13:21:04,"2 tahun lebih pake bibit OK OK aja... Tp setelah update ini kok gak bisa cek performa portofolio ya?ğŸ¤” (Hari ini untung / rugi berapa sesuai nonimal investasi) Soalnya bibit versi lama bisa liat performa portofolionya, mohon diperbaiki ğŸ™"
Simon Simanjuntak,1,2024-05-22 16:38:26,"Pencairan dana nya lama, efek nya ... hasil penjualan reksa dana saya minus 30% ...."
Garuda ID,2,2024-01-29 03:14:06,SUMPAH ya MALING duit orang gamau bertangung jawab!! JANGAN DOWNLOAD APP BIBIT ini tukang TIPU!! Aplikasi tidak bisaa dibuka lagi!!! padahal jaringan saya bagus dan sudah diupdate berapa kali tapi kenapa koneksi tidak stabil tolong perbaiki lagii jangan mengambil milik hak orang lain atau saya laporkan kepihak berwajib sya tunggu secepatnya!!!!
dwika cindy desevenio,5,2024-01-15 08:50:37,"aplikasi paling mantap sih ini buat nabung saham, obligasi, reksadana dll. tampilannya simpel dan mudah digunakan. jangan lupa pakai KODE ini buat dapetin BONUS CASHBACK, lumayan buat tambah2 beli obligasi atau reksadana GRATISSSS => ""salamcair"""
Wahyu Wicaksono,1,2024-01-17 04:17:57,Pelayanan untuk penarikan saldo sangat buruk dengan info dari chat support yang berbelit2 sangat mengecewakan udah melakukan penarikan hampir satu Minggu bukannya cair uang yg ditarik malah hasil penjualan menurun terus dasar gak amanah!!!
Bimby Kusuma,5,2024-02-03 01:46:04,"Ya dimaklumi saja jika ada biaya,susah buat aplikasi sendiri belum izin nya sana sini,perbankan juga ada biaya transfernya,bulanan juga ada,mungkin saran saya kalo mau untung banyak download apk invest yang ga kedaftar ojk/yang ga ada di playstore/investasi bodong aja.. cepet tuh"
19-M-2-50 Dinda Maulida,1,2024-01-25 09:03:54,"dari tahun 2022 mulai pakai bibit, seneng banget soalnya bisa bayar pakai shopeepay plus koin jadi sangat terbantu. sekarang makin kesini jadi malas nabung soalnya pakai biaya admin, koin shopeenya dihentikan pula gabisa dipakai, terimakasih buat 2 tahunnya!"
Risal Kristyandi,5,2023-12-14 10:42:08,Saya kasih bintang 1 karena saya tidak bisa masuk ke aplikasi bibit katanya karena jaringan tidak stabil padahal jaringan saya sangat lancar saya sudah pake wifi tetap masih tidak bisa login kalo sudah diperbaiki sistem aplikasi saya kasih bintang 5
RIO Flasher,1,2024-02-12 07:34:35,"Launching app udah 5 tahun. Dan tim IT nya masih amatir gaada upgrade sama sekali. Percuma digaji kalo ngga bisa ngembangin app, masih aja berat"
Fabio Z-TB OFFICIAL,2,2023-12-01 07:57:10,"Tolong dipermudah lagi untuk membuat bibit plus.saya masih sekolah menengah atas saya sudah bermain saham sejak 1tahun lalu di aplikasi sebelah berhubung saya ingin memiliki saham indonesia seperti gudang garam , alfa dll saya mendonload bibit namun sangat disayangkan untuk pembelian SAHAM dan SBN harus mengupdate bibit plus dan menurut saya persyaratan terlalu rumit dan terlalu banyak mohon dipermudah agar para kaum muda dapat berkembang untuk indonesia"
Sayidina Ali,1,2024-02-25 12:21:30,"Awal gunain apk ini setiap transaksi jual maupun beli saham reksadana sih ok cepet. Tapi krna udh sering jual beli saham/ reksadana eh sekarang malah lama masuk saldo RDN. No rekomended deh pokonya untuk apk investasi ini, udah pasti lama. Sampai saat ini penjualan saham saya masih dalam proses, padahal di order pun sudah tidak ada. Sementara, di history penjualan ada, pokoknya ini apk not rekomended lah karena terlalu banyak prosesnya, dan lama masuk saldo RDN."
Dara Nabilah,3,2024-01-09 12:43:41,"Saya membeli Reksadana dan Obligasi transaksi berhasil dan uang dari bank berkurang tetapi ketika saya jual, transaksi berhasil tetapi uangnya tidak masuk ke rekening saya, kenapa? Tolong bantu saya bibit, bukan hanya 1 loh, jadinya saya tahu buat investasi di sini. Padahal kan saya mau punya dana tabungan Edit: sudah bisa dan masuk Alhamdulillah tapi tetap belum 100% yakin jika nanti beli dengan uang lebih besar masuk atau enggak ğŸ˜­. Takutnya nanti gak masuk ğŸ˜­."
"TEGAR KUMARA EKATIRTA, S.M,",4,2023-11-29 16:11:09,"Kok sekarang kalo mau beli Reksadana ada biaya pembayaran 4.600 melalui virtual account BCA padahal sebelumnya tidak ada biaya pembayaran virtual account, tolong dibalikin kaya sebelumnya tidak ada biaya pembayaran virtual account"
Hendri Wijaya,4,2024-01-28 15:20:57,"Hi Team Bibit, tolong dibuat system auto rebalancing porto yg bisa diatur manual komposisinya. Jadi kita tidak capek jual beli manual sendiri."
Fajar,1,2024-02-19 09:32:04,"Kecewa semenjak adanya biaya pembayaran via bank, pdhl pndapatan dari Reksadana pasar uang pun ga bisa menutupi biaya admin. mau gratis harus pakai wallet? padahalkan tetap saja ada admin bank saat mau transfer ke walletnya. hadeuh. kecewa. kecewa."
Yayuk Wahyuni,3,2024-01-22 08:39:47,"Taik , upgrade ke bibit plus saja susah dan lama ,. Padahal data kita benar dan sama pada saat daftar bibit ,."
Siti Aminah,5,2024-01-31 03:20:51,"Cocok untuk pemula sii, ditambah banyak banget instrumen yang sesuai kebutuhan juga, bebas pilihh"
Eva Widia,5,2023-12-05 11:15:15,"Ini kenapa ya, pas deposit udah transfer 5jt belum masuk juga, biasanya juga langsung masuk, nyoba lagi transfer 50k tapi tetep belum masuk, lagi gangguan? Atau gimana ya? Mohon bantuannya"
Andreas Andre,2,2023-12-22 03:26:51,"Buat yg nabung untuk dana darurat gacocok pake bibit. Pencairanya lama bgt. Buat apa ada pencairan instant kalo pencairanya makan waktu lebih dari 3 hari mana ada keperluan mendadak, setelah dana masuk di rdn pas withdraw malah pending. Auto jual & saya tarik semua deposit auto pindah yg lain. Ngeri2 sedep nih"
Hafidz mahpudin,4,2023-12-07 17:25:17,"Keren banget nih bibit, sudah tiga tahun main reksadana disini dan sekarang bisa nabung saham juga, tapi pas harga lagi bagus2nya alias merah saya beli tapi pemberitahuannya sedang perbaikan sistem, mantep banget gak tuh"
M Laksw,1,2023-12-21 00:24:44,Sepertinya sudah mulai ditinggalkan pengguna ini aplikasi. Apalagi sekarang ada biaya top up tf bank.. untuk yg sebulan berkali-kali top up ya gimana ya.. mana untung tipis.
AntO_JeR BlackBorn OFFICIAL,1,2023-12-01 13:56:32,"saya baru instal ini aplikasi ğŸ˜€ ...mohon maaf sejak komentar ini dibuat saya masih belum bisa membuka aplikasi dikarena kan terlalu berat , , kedepan nya kasi solusi juga jalan keluar dan jangan seperti orang yang pengen naik pangkat cuman bisa janji janji ğŸ«£ğŸ«£ğŸ˜ğŸ˜ atau gak di hapus aja dari playstore"
Miko Herwindra,5,2024-05-03 12:29:09,"maaf, ini kok aplikasi bibit sudah 2 hari tidak bisa dibuka? kayak hang gitu ya.."
Jena Huta gunsa,4,2024-03-20 13:03:40,"aplikasi bagus dan gak ribet, investasi jadi mudah sangat rekomend - - sugali - - investasi masa kini sangat terencana mudah digunakan dan ramah untuk pemula, ga takut lagi kalau ga ada arah asal beli saat ingin berinvestasi, karena ad bibit bisa nabung rutin setiap bulan. terima kasih bibit"
Weldi Tandiayuk,5,2024-05-20 06:05:12,Sangat mudah dimengerti dan robo nya sangat membantu
Wan 28,1,2024-02-29 05:46:55,"Makin keliatan maruknya aplikasi bibit haha. Sekarang ada biaya topup, transfer,pencairan pula yg bahkan lebih gede dari pendapatan. KECEWA"
Nining Pratiwi,3,2024-02-25 12:27:42,Ini kenapa di aplikasi nya performa portofolionya sedang dalam pembaharuan terus sudah hampir 1 bulan ya Dan di portofolio nya jadi tidak ada form tombol jualnya
Ardiansyah,1,2023-12-11 15:30:49,"Sangat kurang,di history ada kata telah berhasil order jualnya,tapi tidak ada masuk uang nya ke akun bank,ada 3 saham yang saya jual 2 nya juga berhasil Alhamdulillah masuk ke akun bank,yang satu nya lagi sama sekali belum masuk sampai skrng udah 7 hari kerja loh"
Fazli Rachman,3,2024-02-27 17:12:17,"Di saya, aplikasi ini relatif sangat lama untuk dibuka. Terasa berat, lama, dan ditunggu tiba2 eror. Dulu sangat ringan sekali. Sekarang sudah engak"
Roby Azha,2,2024-03-06 13:18:24,Aplikasi kurang optmal sering gagal masuk padahal sinyal lancar
Agus Suparno,2,2024-01-04 11:12:09,"logikanya kalau file ktp tidak jelas harusnya minta verifikasi ulang, ini malah minta data tambahan paspor atau SIM alaesan KTP tidak jelas. kalau tidak jelas kenapa bisa terverifikasi buat akun & bank, jadi rancu"
Aridjjudin Li,1,2023-12-17 03:51:10,"Udah pengguna akun dari lama banget, kecewa karna upgrade ke bibit plus, udah gitu sekarang ada biaya tf hmm, semenjak di ubah ke bibit plus tampilannya juga ga enak mana gabisa di ubah ke bibit biasa lagi"
Ki Agus Ahmad Zulfikar,2,2024-04-02 21:47:10,Verifikasi terlalu lama. Sidah 2 hari belum bisa di pakai
Ismi Atmi,2,2023-12-29 12:25:02,"apk tiba"" logout sendiri, giliran login lagi masukkin otp tp mental mulu alhasil ga bisa masuk. tolong diperbaiki lah. o iya skrg ada biaya tambahan admin jd kena admin 2x hmmm"
Nayla kafka,1,2024-03-30 02:10:50,"ga lagi lagi deh kapok, lagi butuh dana darurat tapi malah harus nunggu beberapa hari. kacau deh"
Rafika mayangusuri,4,2024-03-14 08:38:16,Bgus sih.. hnya saja kalau mencairkan dana siap2 nunggu yg lumayan lama. Jadi gk bisa diandalkan utk dana darurat. Apalgi kalau wd jumat. Bisa2 cairnya 6 harian. Dan skg byk potongannya. Utk jangka panjang okehlah. Mungkin yg pinter pasar uang cocok disini.
Alfian Syahri,3,2024-04-29 03:11:45,"Emang suka eror ya? Tiba"" Log out gabisa login"
Muhammad Rizki Muhaimin,5,2024-01-30 09:32:59,"Sumpah ini aplikasi bagus banget simple, gue keilangan HP, dan gue cerita ke admin bibit, diarahin buat benerin data secara manual and jujurly simple cepet bnget sekarang udah bisa login lagiğŸ˜­ğŸ¤ ga kaya sebelah ribet"
Siti Cahya Kharisma,1,2024-04-24 03:45:57,"Jaringan bagus"" dibilang gada koneksi, ga jelas sekarang apknya"
Ario Rhaeyshard Putra Dhewarie,5,2024-05-12 08:41:53,Ini gimana sih cara kerja penarikan ko katanya cuman 3hari kerja tapi udah lewat dari 3hari kerja engga masuk masuk
Enas Nasrudin,5,2024-03-05 02:42:03,aplikasinya mudah di pelajari untuk pemula
WIRANTO ALVIERO,1,2024-04-17 14:20:30,Penipuan. Saya sudah isi ulang saldo RDN tetapi tidak masuk ke bibit. Isi ulang 5 juta tapi GK masuk. Chat cs malah yg jawab bot nya
Arkady P L,1,2024-02-19 12:12:51,"verifikasi ny susah bngt padahal datany sudah lengkap bngt , perlu apa lg sih , ktp , atm , kk , kartu nikah , pasport kah ğŸ¤£ğŸ—¿ . bank bca ny ga terdaftar di app ini yg terdaftar cmn bca digital dan bca syariah ğŸ¤£"
Dendi Indriawan (Dendiindr),5,2024-05-03 06:27:32,"Platform yg terbaik untuk mengelola keuangan agar tidak boros, investasi pangkal kaya!!!"
Nurtia W,1,2024-04-22 02:17:32,Terlalu banyak biaya tambahan. Di portofolio perkiraan rugi 20rb. Pas pencarian ternyata rugi 300rb lebih. Sangat jauh.
Irvan Samin,5,2024-04-12 09:41:18,Bagus sih aku mulai sebelum lebaran sampai sekarang belum di terima verifikasi aku apk yang salain gampang ini doang susah verifikasi nya udah berapa kali aku di tolak terusğŸ˜‘ğŸ‘
Ido Ananta,1,2024-03-04 11:30:37,"Hampir setahun pakai aplikasi ini dan pada akhirnya dipaksa buat kecewa.Biaya admin sekarang berlaku dua kali, ketika beli dan jual, belum lagi dipersulit dengan pakai jago juga,biar dapat gratis biaya. Bibit yg dulu merepresentasikan investasi profitable untuk kaum awam, nyatanya sekarang justru nabung untuk kemudian nilainya defisit, karena banyaknya biaya admin/komisi.Pencairan yang lama dan tidak menentu,ditambah tidak jelasnya riwayat penjualan,makin melengkapi kekurangan aplikasi ini."
Evan Fiardi,3,2023-12-05 12:52:56,"Segini dulu klo bagus aku tambah lagi, tolong metode pembayarannya di tambah lagi misal lewat mini marke Bibit di update malah sekarang kalau mau transaksi harus bayar padahal dulu gratis. Kok gini amat ea ap karna yang make udah banyak ğŸ¥²"
Ğ°Ñ€Ğ¸Ğº Ñ…Ğ°Ğ½Ğ¸Ñ„,1,2024-02-22 10:18:11,"Sering banget pemeliharaan nya. Ketika mau with draw ngga bisa, mau cek Portfolio juga ngga bisa"
Benny Setyanto,1,2024-04-29 02:45:05,"Pas beli saham waktu saham naik lama sekali kebelinya statusnya open, pas pembelian kita turun baru masuk, kan udah rugi kita. Pas lagi jual lagi udah untung misal 100rb.wdnya lama baget bisa2 saham waktu turun baru bisa wd itu pun gak di angkan untung 100rb.harga saham juga tidak akurat. Kalian harus sering cocokan harga saham di google"
Muhammad aldi,4,2023-12-10 07:34:16,Sudah bagus tinggal menunggu untuk update ada widget untuk dilayar HP sehingga ga perlu buka tutup aplikasi lagi untuk melihat perkembangan saham
Eric Deflandre,5,2024-02-22 16:10:57,"Bingung dengan transaksi yang saya lakukan sendiri, namun cs sangat professional menjelaskan sesuai prosedur sampai saya paham, Terimakasih atas pelayanannya, Team cs bibit mantapğŸ‘ğŸ»"
Teguh Wuryanto,5,2024-01-31 02:48:29,"Tampilan menarik. Sebetulnya sudah dibuat sesederhana mungkin, tapi bagi saya orang awam masih tetap butuh belajar lebih banyak . . . sukses selalu . . ."
Dimas Imanuel,1,2024-04-16 06:04:08,Jangan downlod apo ini peringatan keras!!!! Aku inves dari dua minggu lalu gak pernah di verifikasi padahal sdh bayar. App gk guna jadi jangan downlod karena iklan ğŸ˜¡
Febri Misrianor,5,2024-04-21 14:53:48,"App yang bagus, terus berkarya Indonesia"
Manarul Fawaid,3,2024-01-31 05:25:02,Kenapanya bibit sekarang antara pencairan dan top up investasinya kok lama? Padahal sudah lama make bibit buat investasi. Jadi kecewa sih. Sekarang aku sudah bayar pakai virtual account. Tapi belum masuk ke dalam saldo bibitku
Rendy Dwi kurniawan,4,2024-05-24 08:18:26,Lama banget ya ini verivikasi nya mohon maaf tolong dipercepat ya bibitğŸ˜Š
Muhtadi Adie,3,2024-05-23 14:26:05,grafik nya yg warna hijau jangan tebal
Pengguna Acak,1,2024-01-12 10:52:33,"Buruk, mau jual produk gabisa pilih bank tujuan!!!! jangan install deh, kacau banyak bug terus ada biaya admin untuk pembelian lagi"
Dnyhndra,4,2024-05-06 19:23:42,tambahin dong fitur beli emas klau bole 1 aplikasi knpa harus download aplikasi lain. biar lebih oke ni aplikasi
Rino Agung,1,2023-12-06 01:23:00,"Sejak sekarang Bibit semakin ribet dengan adanya bibit plus, mana perlu update ini itu, buka rekening segala.. Jadi bikin gk nyaman"
Putri Indriyani Budiono,1,2023-12-08 04:53:07,Maaf saya pengguna dari tahun 2020. Dan memutuskan kita udahan dulu. Layanan berubah semua kena biaya. Yg padahal keuntungan juga g seberapa klo nabung2. Terima kasih pernah menemani menabung 100juta pertama.
Salman Aji,1,2023-12-15 00:10:01,"Mon maap bibit sekarang ribet ada biaya pembayaran tiap mau rutin nabung, jadi secara ngga langsung DIPAKSA buka jago atau rdn wallet, FYI rdn wallet itu harus bca/jago juga dan ribet pendaftaranya. Sepertinya saya akan tarik dana nya dari bibit blakclist investasi terutama reksadana."
Ahmad Saifudin,5,2024-01-27 09:14:10,"Lumayan untuk dijadikan tempat buat nabung, walaupun cuma sebulan sekali, permohonan saya untuk mengupgrade bibit plus tolong sediakan untuk jago Syariah,karena saya ingin belajar tentang dunia saham di bibit sekian terima kasih"
Rima Riskika,3,2024-01-22 08:23:03,Kecewa banget.. Masa mau upgrade aja susah banget.. Dri 11 September sampe skrang ga juga di finish kan
Ariel Diazz,4,2024-03-01 14:13:52,"Aplikasinya lumayan bagus tapi saya hapus ya, kalo ada apa2 saya tidak mau tanggung. Jawab tangal 1 bulan 3 aplikasi ini saya hapus di jam 21:13ğŸ–’"
Nabela Dwi Karina,2,2024-02-16 06:42:31,"Baru mau pake aplikasinya, perkara lupa sandi, mau diganti malah jadi lama banget loadingnya, ga kebuka"". Apa cuma dihp saya aja kali yağŸ˜Œ"
Kresensia Pira,1,2023-12-22 02:17:48,"Bingung sama ini aplikasi mau invest disini ribet kali, disuruh upgrade bibit plus habis itu nanti kita diarahkan keluar aplikasi seperti aplikasi bankjago dan stockbit mencurigakan mau invest jadi takut soalnya di arahkannya ke aplikasi lain di luar apk bibit nya pada saat mau invest. Hati2 ya teman2 semua"
Khoirul Huda,5,2024-03-28 07:08:16,Sbn ritel apa bisa djual ..walaupun belum jatuh tempo...ada kebutuhan mendadak
Beny Suwiknyo,5,2024-05-06 19:32:06,mudah dan lengkap fiturnya
Sylfiana Tarigan,1,2024-03-12 15:37:27,Hari ini seharian gagal terus membuka aplikasi bibit...gaga memuat terus
Gelar Dipa putra,5,2023-12-27 10:39:01,"skrng kena biaya e wallet,update RDN hrs punya tabungan BCA klo lewat JAGO ribet hrs ada syarat,itu ini.mendingan seperti dlu aja.non biaya lwt e wallet."
Vijay Ahmad,1,2023-12-04 07:25:00,"Sekarang kena biaya ya tiap mau nabung , ada sih yang gratis tapi musti BCA atau Bank Jago , secara tidak langsung memaksa pengguna untuk pakai salah satu dari keduanya ... :( sudah tidak friendly ke anak sekolah."
Irfan Apandi,5,2024-04-04 14:50:26,"Aplikasinya mudah dimengerti & mudah digunakan. Bagus untuk investor pemula.. Tp khusus reksadana banyak potongan nya, %return yg di janjikan akhirnya hanya mimpi. Keuntungan investasi makin tipis.."
Henny Wu,4,2023-11-30 07:10:58,Masukkan kode 'Cuankibibit' bagi yang baru daftar untuk mendapatkan bonus. Aplikasi ramah digunakan pengguna baru dan pemula bagi yg baru mau belajar investasi
Fajar Cahyadi,5,2024-04-23 05:28:29,Mudah dipahami dan mudah prosesnya
Ravindra A.P,1,2023-03-02 22:33:01,"Aplikasi bibit sangat memudahkan untuk investasi SBN, namun dari segi aksesibilitas masih belum ramah untuk disabilitas netra. Saat bernavigasi menggunakan TalkBack di dalam Bibit, beberapa menu tidak bisa diakses. Misalnya untuk menentukan tanggal, tahun dan bulan tidak bisa diklik. Sedangkan saudaranya yaitu stockbit, hampir semua menu bisa diakses dengan pembaca layar talkback. BTW TalkBack sekarang berubah nama jadi Android accessibility switch. Semoga ke depan ada perbaikan di bibit."
Mr X Gadget,5,2022-12-25 02:03:32,Aplikasinya mudah sangat digunakan dan banyak pilihan produk reksa dana. Hanya saja untuk tampilan tidak mendukung dark mode. dimana tidak semua pengguna ponsel suka dengan tampilan aplikasi yg cerah dan berwarna terang seperti saya. Tapi overall semua fitur berfungsi dengan baik ğŸ‘ğŸ»
Zaenal Supriyadi (Zeein),4,2024-05-17 20:38:30,Penampilan semakin bagus jika bisa Reksadana ada yg return diatas 5%
Kevin Junian,5,2024-01-09 03:54:31,"Keren nih bibit, Terobosan solutif dengan adanya Saldo Rekening bibit (RDN) biar ketika jual dan beli atau pindah ke Reksadana lain biar mudah tanpa banyak potongan biaya. Aplikasi sebelah makin mencekik biaya potongan nya. Ayo, bibit harus jadi top 1 aplikasi investasi Reksadana. benar2 ya ga bisa diam ini bibit, kerjasama dengan bank digital jago, adanya vitur upgrade bibit plus bikin kita juga bisa invest saham juga. Top dah, pertahankan dan tingkatkan !!!"
Nurdian Rahmadin,2,2024-05-25 05:57:54,Udah lebih dari 3 hari kerja kok masih belum bisa lakuin switching? Aneh..harus nunggu berapa lama? Hmmmm
Firmansyah achjab,1,2022-09-03 04:02:34,"Sudah saatnya Bibit memiliki mode gelap (dark mode), belum mendukung sistem navigasi android 12 sehingga ketika saat melakukan pembelian masih mudah untuk keluar aplikasi. padahal hanya sekedar melakukan gestur kembali untuk membatalkan pada opsi pembelian. Tampilan portofolio butuh dipercantik agar bisa senada dengan Android 12. Mohon dioptimalkan kembali pada android dengan prosesor exynos 9820/9825 series"
